<?xml version="1.0" encoding="UTF-8"?>
<project-private xmlns="http://www.netbeans.org/ns/project-private/1">
    <editor-bookmarks xmlns="http://www.netbeans.org/ns/editor-bookmarks/2" lastBookmarkId="0"/>
    <open-files xmlns="http://www.netbeans.org/ns/projectui-open-files/2">
        <group>
            <file>file:/F:/survery_system/surveryauth/src/surveyauth/MainFrame.java</file>
            <file>file:/F:/survery_system/surveryauth/src/surveyauth/DBConnection.java</file>
            <file>file:/F:/survery_system/surveryauth/src/surveyauth/User.java</file>
            <file>file:/F:/survery_system/surveryauth/src/surveyauth/Survey.java</file>
            <file>file:/F:/survery_system/surveryauth/src/surveyauth/SignupFrame.java</file>
            <file>file:/F:/survery_system/surveryauth/src/surveyauth/LoginFrame.java</file>
            <file>file:/F:/survery_system/surveryauth/src/surveyauth/ForgotPasswordFrame.java</file>
            <file>file:/F:/survery_system/surveryauth/src/surveyauth/SurveyFrame.java</file>
        </group>
    </open-files>
</project-private>
